{
    "audio": "pipewire",
    "bootloader": "systemd-bootctl",
    "custom-commands": [
        "cd /home/devel; git clone https://aur.archlinux.org/paru.git",
        "chown -R devel:devel /home/devel/paru",
        "usermod -aG docker devel"
    ],
    "!encryption-password": "supersecret",
    "filesystem": "btrfs",
    "gfx_driver": "All open-source (default)",
    "harddrive": {
        "path": "/dev/nvme0n1"
    },
    "hostname": "development-box",
    "kernels": [
        "linux"
    ],
    "keyboard-language": "us",
    "mirror-region": "Worldwide",
    "nic": {
        "NetworkManager": true
    },
    "ntp": true,
    "packages": ["docker", "git", "wget", "zsh"],
    "profile": "gnome",
    "services": ["docker"],
    "superusers": {
        "devel": {
            "!password": "devel"
        }
    },
    "sys-encoding": "utf-8",
    "sys-language": "en_US",
    "timezone": "US/Eastern",
    "users": {}
}
